Investment_ID,Investment_Name,Investment_Category,Department,Region,Start_Date,End_Date,Initial_Investment,Additional_Investment,Total_Investment,Budgeted_Investment,Expected_Revenue,Actual_Revenue,Expected_Cost_Savings,Actual_Cost_Savings,Expected_Return,Actual_Return,Net_Benefit,ROI_Pct,Target_ROI_Pct,ROI_Variance,Payback_Years,NPV,IRR_Pct,Discount_Rate,Investment_Status,Risk_Level,Performance_Rating,Decision_Recommendation,Revenue_Achievement_Pct,Cost_Saving_Achievement_Pct,Investment_Variance,Performance_Score,ROI_Classification
INV-001,ERP Cloud Migration – Central,Technology,HR,Central,25-09-2025,13-09-2027,33630000,2620000,36250000,36270000,44295443.25,44650965.64,1555987.853,1252518.631,45851431.1,45903484.27,9653484.275,0.266303014,0.264867065,0.00143595,1.553438052,-2531801.316,0.084238477,0.112504741,Active,Low,Watch,Review / Restructure,1.008026162,0.804966844,-20000,63.41051043,On Target
INV-002,Brand Repositioning – South,Marketing,Supply Chain,South,23-01-2026,08-11-2027,7490000,530000,8020000,8460000,9041768.032,9120793.519,356078.5464,321968.9582,9397846.578,9442762.477,1422762.477,0.177401805,0.171801319,0.005600486,1.521809134,-593154.0191,0.057028167,0.085785584,Completed,High,Watch,Review / Restructure,1.008740048,0.904207685,-440000,64.87695842,On Target
INV-003,Premium Product Line – West,Product Development,Operations,West,05-08-2025,24-01-2027,34110000,1430000,35540000,36480000,40821273.19,38626368.64,3556096.596,3953686.498,44377369.78,42580055.14,7040055.136,0.198088214,0.248659814,-0.0505716,1.227983765,-5004018.195,0.06343282,0.122143724,Cancelled,Medium,Watch,Review / Restructure,0.946231355,1.111805147,-940000,59.56423593,Significantly Below Target
INV-004,Tier-2 City Expansion – North,Expansion,Finance,North,23-04-2024,31-10-2025,22460000,630000,23090000,24320000,26063425.3,25024555.06,2593160.16,2841181.792,28656585.46,27865736.85,4775736.848,0.206831392,0.24108209,-0.034250698,1.262220788,-1766664.861,0.066126032,0.096382095,On Hold,Low,Watch,Review / Restructure,0.960140687,1.095644548,-1230000,62.5222032,Below Target
INV-005,Automated Packaging Line – East,Equipment,Sales,East,23-07-2024,14-07-2025,27540000,3750000,31290000,30250000,33855626.48,34288709.62,2466361.673,2482722.075,36321988.15,36771431.69,5481431.692,0.175181582,0.160817774,0.014363808,0.850932329,-4940838.028,0.056338011,0.122469625,Active,High,Watch,Review / Restructure,1.012792058,1.006633416,1040000,64.47424749,On Target
INV-006,RPA Finance Rollout – Central,Automation,IT,Central,15-10-2025,30-04-2026,17840000,1060000,18900000,17490000,21918904.33,21989015.25,1956666.454,1619526.767,23875570.78,23608542.02,4708542.021,0.249129207,0.263257713,-0.014128506,0.800557696,-1643427.454,0.079044196,0.114467953,Completed,Medium,Watch,Review / Restructure,1.003198651,0.827696904,1410000,60.27098554,On Target
INV-007,Leadership Development – South,Training,Product,South,27-12-2025,01-05-2028,11690000,1540000,13230000,12170000,13083911.87,11052860.77,2448715.962,2215229.554,15532627.83,13268090.33,38090.32723,0.002879087,0.174045943,-0.171166856,2.264908053,-3378325.055,0.000959083,0.108215889,Cancelled,Low,Underperforming,Review / Restructure,0.84476729,0.904649452,1060000,46.05034886,Significantly Below Target
INV-008,Plant Utility Upgrade – West,Infrastructure,Marketing,West,07-01-2026,10-03-2027,16360000,1260000,17620000,16370000,18270391.77,18724577.38,976615.745,913794.8274,19247007.51,19638372.21,2018372.211,0.114550069,0.092338678,0.02221139,1.049628049,-2875978.807,0.037274472,0.103841033,On Hold,High,Watch,Review / Restructure,1.024859106,0.935674888,1250000,64.26060942,Above Target
INV-009,ERP Cloud Migration – North,Technology,HR,North,06-01-2026,07-01-2027,19340000,1500000,20840000,21430000,22689717.21,25582766.23,1907747.358,1520321.615,24597464.57,27103087.85,6263087.845,0.300532046,0.180300603,0.120231443,0.771022697,-378267.8914,0.0945077,0.101656716,Active,Medium,Good,Review / Restructure,1.127504851,0.796919785,-590000,73.82589354,Significantly Above Target
INV-010,Brand Repositioning – East,Marketing,Supply Chain,East,23-11-2024,30-08-2025,9210000,300000,9510000,9850000,10046184.23,10085255.25,1515144.496,1663386.124,11561328.72,11748641.37,2238641.37,0.235398672,0.215702284,0.019696388,0.809455298,-838664.6033,0.074870558,0.110596636,Completed,Low,Watch,Review / Restructure,1.00388914,1.097839928,-340000,67.22212056,Above Target
INV-011,Premium Product Line – Central,Product Development,Operations,Central,05-08-2024,12-08-2025,20670000,3360000,24030000,25610000,25230102.77,21668940.9,3686889.083,3871983.358,28916991.85,25540924.26,1510924.258,0.062876582,0.203370448,-0.140493866,0.958886572,-5781003.208,0.020676798,0.123640507,Cancelled,High,Underperforming,Review / Restructure,0.858852661,1.050203375,-1580000,51.56533741,Significantly Below Target
INV-012,Tier-2 City Expansion – South,Expansion,Finance,South,08-11-2025,14-10-2027,26920000,2850000,29770000,30060000,29157878.69,30935879.18,5375701.022,4111287.486,34533579.71,35047166.66,5277166.663,0.177264584,0.160012755,0.017251829,1.640673537,-5097183.391,0.056985528,0.129684032,On Hold,Medium,Watch,Review / Restructure,1.06097839,0.764790949,-290000,63.7051147,Above Target
INV-013,Automated Packaging Line – West,Equipment,Sales,West,16-08-2024,21-03-2026,10720000,180000,10900000,11660000,11321576.73,10572226.44,1468756.485,1461475.396,12790333.22,12033701.84,1133701.839,0.104009343,0.173425066,-0.069415723,1.444299868,-1642226.153,0.033915999,0.094303635,Active,Low,Watch,Review / Restructure,0.933812197,0.995042684,-760000,59.64629996,Significantly Below Target
INV-014,RPA Finance Rollout – North,Automation,IT,North,11-10-2025,23-02-2028,15280000,2710000,17990000,17520000,19607591.19,21320183.29,1798778.698,2036899.219,21406369.89,23357082.5,5367082.504,0.298336993,0.189903829,0.108433164,1.825306547,-476958.0226,0.093852407,0.104355757,Completed,High,Good,Review / Restructure,1.087343319,1.132378998,470000,71.29805008,Significantly Above Target
INV-015,Leadership Development – East,Training,Product,East,17-11-2024,19-10-2026,3450000,90000,3540000,3400000,3523896.223,3284921.634,471566.99,477707.4711,3995463.213,3762629.105,222629.1051,0.062889578,0.128661925,-0.065772347,1.732556029,-813710.6396,0.020681016,0.117984083,Cancelled,Medium,Watch,Review / Restructure,0.932184555,1.01302144,140000,57.20137797,Significantly Below Target
INV-016,Plant Utility Upgrade – Central,Infrastructure,Marketing,Central,21-08-2024,13-03-2025,34060000,1920000,35980000,38180000,37389897.79,36833427.27,5480928.731,5217002.029,42870826.52,42050429.3,6070429.297,0.168716768,0.191518247,-0.022801479,0.855639303,-3867024.824,0.05432533,0.097166366,On Hold,Low,Watch,Review / Restructure,0.985117089,0.951846354,-2200000,64.11283875,Below Target
INV-017,ERP Cloud Migration – South,Technology,HR,South,27-06-2025,01-12-2027,33580000,60000,33640000,35520000,32261025.29,34699057.84,6416313.525,6684370.475,38677338.81,41383428.31,7743428.313,0.230185146,0.149742533,0.080442613,1.975423776,-3396392.861,0.073280888,0.114540077,Active,High,Good,Review / Restructure,1.075572073,1.041777408,-1880000,69.57203808,Significantly Above Target
INV-018,Brand Repositioning – West,Marketing,Supply Chain,West,13-01-2026,02-11-2027,10950000,1390000,12340000,12110000,13817837.61,13091440.03,1019163.57,1169191.111,14837001.19,14260631.14,1920631.139,0.155642718,0.202350177,-0.046707459,1.559945559,-1155667.852,0.050240764,0.086874446,Completed,Medium,Watch,Review / Restructure,0.947430444,1.147206538,230000,60.56585004,Below Target
INV-019,Premium Product Line – North,Product Development,Operations,North,04-07-2024,15-10-2025,23510000,3220000,26730000,26330000,31695002.7,25030940.87,3081235.467,3142735.796,34776238.17,28173676.66,1443676.664,0.054009602,0.301019011,-0.247009409,1.216489658,-5507806.879,0.017794001,0.102540074,Cancelled,Low,Underperforming,Review / Restructure,0.789744084,1.019959633,400000,45.85242666,Significantly Below Target
INV-020,Tier-2 City Expansion – East,Expansion,Finance,East,20-11-2025,11-04-2028,47110000,8260000,55370000,59140000,57543637.25,53403555.33,4055221.716,4616808.864,61598858.96,58020364.19,2650364.189,0.047866429,0.112495195,-0.064628766,2.282524523,-13864115.46,0.015790565,0.123148289,On Hold,High,Watch,Review / Restructure,0.928053176,1.138484943,-3770000,57.12497465,Significantly Below Target
INV-021,Automated Packaging Line – Central,Equipment,Sales,Central,03-07-2025,14-12-2026,15920000,2290000,18210000,20030000,18814519.61,18995950.48,2142375.425,1835218.678,20956895.03,20831169.16,2621169.162,0.143941195,0.150845416,-0.006904221,1.266948926,-2656001.737,0.046568565,0.106004446,Active,Medium,Watch,Review / Restructure,1.009643131,0.856627954,-1820000,63.79884945,On Target
INV-022,RPA Finance Rollout – South,Automation,IT,South,02-04-2025,17-12-2025,28310000,1340000,29650000,28110000,35838058.21,32805694.68,3049278.437,3434039.551,38887336.65,36239734.23,6589734.226,0.222250733,0.311545924,-0.089295191,0.818162733,-902818.2281,0.07085631,0.082527643,Completed,Low,Watch,Review / Restructure,0.915387058,1.126181037,1540000,56.90136583,Significantly Below Target
INV-023,Leadership Development – West,Training,Product,West,15-07-2024,08-05-2025,2400000,270000,2670000,2590000,2793493.913,2111409.813,196009.4391,175832.7975,2989503.352,2287242.611,-382757.3894,-0.143354827,0.119664177,-0.263019004,0.930313589,-916664.4553,-0.049455335,0.095693934,Cancelled,High,Underperforming,Review / Restructure,0.755831185,0.897062908,80000,44.06334724,Significantly Below Target
INV-024,Plant Utility Upgrade – North,Infrastructure,Marketing,North,04-02-2026,12-06-2027,41780000,2720000,44500000,41960000,45590018.12,43886077.32,4742894.649,3797033.784,50332912.77,47683111.1,3183111.104,0.071530587,0.131076691,-0.059546105,1.26051925,-9069008.299,0.023480312,0.107926521,On Hold,Medium,Watch,Review / Restructure,0.962624696,0.800573081,2540000,57.17779557,Significantly Below Target
INV-025,ERP Cloud Migration – East,Technology,HR,East,10-06-2024,20-12-2025,20850000,2800000,23650000,25460000,26387441.15,27377066.59,1948575.311,2078688.991,28336016.46,29455755.59,5805755.586,0.245486494,0.198140231,0.047346263,1.227445766,-2695790.095,0.077938748,0.125419905,Active,Low,Good,Review / Restructure,1.037503653,1.06677375,-1810000,68.33390541,Above Target
INV-026,Brand Repositioning – Central,Marketing,Supply Chain,Central,29-12-2024,01-09-2025,17120000,2560000,19680000,18500000,19416320.85,19924503.38,3363776.603,3549057.496,22780097.45,23473560.88,3793560.876,0.19276224,0.157525277,0.035236963,0.838390055,-2785093.519,0.061788261,0.120680246,Completed,High,Watch,Review / Restructure,1.026172957,1.055081212,1180000,65.28621031,Above Target
INV-027,Premium Product Line – South,Product Development,Operations,South,16-09-2024,15-03-2025,19930000,1250000,21180000,21990000,22771408.47,20392969.37,3754469.236,4019429.453,26525877.71,24412398.83,3232398.828,0.15261562,0.252402158,-0.099786538,0.867591921,-2885389.61,0.049292294,0.104564755,Cancelled,Medium,Watch,Review / Restructure,0.895551516,1.070571951,-810000,56.28110947,Significantly Below Target
INV-028,Tier-2 City Expansion – West,Expansion,Finance,West,17-10-2025,21-09-2026,43160000,5760000,48920000,49490000,52583471.83,48212796.5,5463415.439,4978104.246,58046887.27,53190900.75,4270900.746,0.087303776,0.186567606,-0.099263829,0.919706177,-6698095.111,0.028565091,0.082273149,On Hold,Low,Watch,Review / Restructure,0.916881195,0.911170732,-570000,57.67582434,Significantly Below Target
INV-029,Automated Packaging Line – North,Equipment,Sales,North,15-05-2024,16-12-2025,22850000,3690000,26540000,29130000,25848999.61,23410761.32,4699165.137,4882840.786,30548164.75,28293602.1,1753602.104,0.06607393,0.15102354,-0.08494961,1.490554314,-5858364.398,0.021713745,0.11445757,Active,High,Watch,Review / Restructure,0.905673785,1.039086868,-2590000,56.34255824,Significantly Below Target
INV-030,RPA Finance Rollout – East,Automation,IT,East,26-05-2024,02-09-2025,24870000,360000,25230000,24620000,28066068.28,31470841.58,3805130.525,3531946.04,31871198.8,35002787.62,9772787.62,0.387347904,0.26322627,0.124121634,0.916304319,1001823.506,0.120087083,0.104552828,Completed,Medium,Good,Increase / Scale,1.121312799,0.928206277,610000,73.40304349,Significantly Above Target
INV-031,Leadership Development – Central,Training,Product,Central,19-12-2025,28-06-2027,9840000,1090000,10930000,10180000,11596053.32,10442772.78,1456221.185,1663932.357,13052274.5,12106705.14,1176705.139,0.107658293,0.194169671,-0.086511378,1.375232489,-2005310.315,0.035080163,0.111083474,Cancelled,Low,Watch,Review / Restructure,0.900545427,1.142637104,750000,55.09007516,Significantly Below Target
INV-032,Plant Utility Upgrade – South,Infrastructure,Marketing,South,04-06-2024,07-06-2026,18820000,1030000,19850000,21220000,20275713.54,18160005.8,1983636.345,1588968.969,22259349.88,19748974.77,-101025.2306,-0.005089432,0.121377828,-0.12646726,1.968390863,-4514707.248,-0.001698402,0.090704245,On Hold,High,Watch,Review / Restructure,0.895653106,0.801038443,-1370000,52.2193003,Significantly Below Target
INV-033,ERP Cloud Migration – West,Technology,HR,West,19-04-2025,26-10-2026,13470000,2340000,15810000,15640000,16675160.41,17865898.11,2828919.729,3075253.632,19504080.14,20941151.75,5131151.746,0.324551028,0.233654658,0.09089637,1.147972342,163827.24,0.101649772,0.097616729,Active,Medium,Good,Increase / Scale,1.071407871,1.087077021,170000,71.91803524,Significantly Above Target
INV-034,Brand Repositioning – North,Marketing,Supply Chain,North,17-05-2025,05-10-2027,19940000,590000,20530000,20700000,21028647.86,20197456.47,4465981.325,4195072.256,25494629.19,24392528.73,3862528.73,0.188140708,0.241823146,-0.053682438,2.008433306,-1981888.162,0.060358763,0.098844156,Completed,Low,Watch,Review / Restructure,0.960473379,0.939339408,-170000,59.661873,Significantly Below Target
INV-035,Premium Product Line – East,Product Development,Operations,East,09-12-2025,25-12-2027,17950000,780000,18730000,19710000,20663005.93,17635870.7,1882031.759,1786393.56,22545037.69,19422264.26,692264.2556,0.036960184,0.203685942,-0.166725757,1.970987553,-3649640.366,0.012221101,0.09073594,Cancelled,High,Underperforming,Review / Restructure,0.853499765,0.949183536,-980000,49.12505002,Significantly Below Target
INV-036,Tier-2 City Expansion – Central,Expansion,Finance,Central,27-10-2024,16-11-2026,30470000,3740000,34210000,34970000,37734849.37,36456320.11,3259350.32,3307336.044,40994199.69,39763656.16,5553656.156,0.162340139,0.198310426,-0.035970287,1.767808279,-2589108.41,0.052335555,0.081583226,On Hold,Medium,Watch,Review / Restructure,0.966118077,1.014722481,-760000,62.19006935,Below Target
INV-037,Automated Packaging Line – South,Equipment,Sales,South,19-09-2024,17-09-2026,11270000,600000,11870000,11780000,12982980.52,12664544.49,1130416.051,1036472.495,14113396.57,13701016.99,1831016.99,0.154255854,0.188997184,-0.03474133,1.727970918,-1942938.615,0.049806352,0.117995792,Active,Low,Watch,Review / Restructure,0.97547281,0.916894708,90000,60.7890228,Below Target
INV-038,RPA Finance Rollout – West,Automation,IT,West,16-12-2025,19-12-2027,27270000,4600000,31870000,32240000,34080915.12,30088828.27,3982712.05,3931583.132,38063627.17,34020411.4,2150411.403,0.067474471,0.194340357,-0.126865885,1.881280754,-6008388.013,0.022167536,0.098958295,Completed,High,Watch,Review / Restructure,0.882864447,0.987162286,-370000,52.64001595,Significantly Below Target
INV-039,Leadership Development – North,Training,Product,North,07-08-2024,25-11-2025,10840000,860000,11700000,11920000,10910348.99,9368237.726,2243593.923,1730147.729,13153942.91,11098385.45,-601614.5451,-0.051420047,0.124268625,-0.175688671,1.273050052,-3233925.477,-0.01734225,0.097604279,Cancelled,Medium,Underperforming,Review / Restructure,0.858656102,0.771150123,-220000,48.94147339,Significantly Below Target
INV-040,Plant Utility Upgrade – East,Infrastructure,Marketing,East,30-01-2026,27-09-2027,38460000,4470000,42930000,42740000,46830217.15,46377135.48,4414640.709,4630096.107,51244857.86,51007231.59,8077231.589,0.188148884,0.193684087,-0.005535203,1.395056014,-3718107.424,0.060361294,0.094590719,On Hold,Low,Watch,Review / Restructure,0.990325015,1.048804741,190000,65.11336193,On Target
INV-041,ERP Cloud Migration – Central,Technology,HR,Central,29-10-2024,14-06-2025,34970000,2950000,37920000,35160000,41665591.25,39870669.7,2845083.21,2709280.889,44510674.46,42579950.59,4659950.589,0.122888992,0.173804706,-0.050915714,0.890559981,-7828005.32,0.039921847,0.128101259,Active,High,Watch,Review / Restructure,0.956920771,0.952267716,2760000,57.04200797,Significantly Below Target
INV-042,Brand Repositioning – South,Marketing,Supply Chain,South,26-02-2025,23-12-2026,6510000,1040000,7550000,8020000,7996806.104,8258356.046,1136458.777,928201.9401,9133264.881,9186557.986,1636557.986,0.216762647,0.209703958,0.007058689,1.497348569,-594788.0377,0.069175515,0.100542649,Completed,Medium,Watch,Review / Restructure,1.032706801,0.816749326,-470000,64.27959992,On Target
INV-043,Premium Product Line – West,Product Development,Operations,West,27-09-2025,21-08-2026,26220000,4060000,30280000,27900000,34890365.35,28262020.18,4131830.433,3628185.759,39022195.78,31890205.93,1610205.935,0.053177211,0.288711882,-0.235534671,0.949507823,-5389777.61,0.017522836,0.088731533,Cancelled,Low,Underperforming,Review / Restructure,0.810023624,0.878106161,2380000,44.26430414,Significantly Below Target
INV-044,Tier-2 City Expansion – North,Expansion,Finance,North,25-04-2024,30-04-2026,25120000,3980000,29100000,31600000,27295551.02,24946431.41,6289130.192,4925291.601,33584681.21,29871723.01,771723.0106,0.026519691,0.154112756,-0.127593065,1.961675599,-7673639.486,0.00878863,0.122066828,On Hold,High,Underperforming,Review / Restructure,0.913937638,0.783143527,-2500000,51.02415098,Significantly Below Target
INV-045,Automated Packaging Line – East,Equipment,Sales,East,25-10-2024,20-02-2027,31270000,2580000,33850000,32910000,34777860.6,34033548.38,5538107.453,5365217.496,40315968.05,39398765.88,5548765.88,0.163922183,0.191018259,-0.027096076,1.996085053,-3247593.429,0.052829643,0.090592808,Active,Medium,Watch,Review / Restructure,0.978598102,0.968781762,940000,61.35537353,Below Target
INV-046,RPA Finance Rollout – Central,Automation,IT,Central,24-01-2026,26-06-2027,11910000,1810000,13720000,13580000,15176139.39,15890244.37,2456112,2392969.475,17632251.39,18283213.85,4563213.845,0.332595761,0.285149518,0.047446243,1.064972682,-751949.8609,0.104030458,0.12661962,Completed,Low,Watch,Review / Restructure,1.047054456,0.974291675,140000,67.49131007,Above Target
INV-047,Leadership Development – South,Training,Product,South,10-06-2025,03-01-2027,2410000,180000,2590000,2480000,2474760.783,2223516.225,376300.1811,373631.9951,2851060.964,2597148.22,7148.219728,0.00275993,0.100795739,-0.098035808,1.397952347,-741920.6865,0.000919414,0.12530488,Cancelled,High,Watch,Review / Restructure,0.898477235,0.992909421,110000,53.88615957,Significantly Below Target
INV-048,Plant Utility Upgrade – West,Infrastructure,Marketing,West,25-06-2025,28-07-2027,16510000,1940000,18450000,16980000,18401439.98,18366951.03,2603594.427,2462149.274,21005034.41,20829100.3,2379100.301,0.128948526,0.13848425,-0.009535724,1.851644173,-2596093.037,0.041840352,0.098463766,On Hold,Medium,Watch,Review / Restructure,0.998125747,0.945673124,1470000,61.16577778,On Target
INV-049,ERP Cloud Migration – North,Technology,HR,North,18-06-2024,20-06-2026,14500000,1970000,16470000,15790000,17683346.46,17592369.66,2776944.696,2585402.38,20460291.15,20177772.04,3707772.042,0.225122771,0.24227633,-0.017153559,1.636962025,-683027.2239,0.071734679,0.087798542,Active,Low,Watch,Review / Restructure,0.994855227,0.93102408,680000,62.4735477,Below Target
INV-050,Brand Repositioning – East,Marketing,Supply Chain,East,28-06-2024,12-04-2025,11380000,740000,12120000,12540000,13682910.99,12313680.85,538843.766,428524.7566,14221754.76,12742205.6,622205.6032,0.051337096,0.173412109,-0.122075013,0.951169709,-2772240.993,0.016923059,0.113015662,Completed,High,Watch,Review / Restructure,0.899931371,0.79526717,-420000,52.77285619,Significantly Below Target
INV-051,Premium Product Line – Central,Product Development,Operations,Central,14-07-2024,04-09-2026,21310000,2250000,23560000,22910000,28967702.05,25973075.06,1055599.774,911194.6624,30023301.82,26884269.72,3324269.72,0.141098036,0.274333694,-0.133235658,1.877547491,-2343720.78,0.045673939,0.084494789,Cancelled,Medium,Underperforming,Review / Restructure,0.896621866,0.863200888,650000,51.54206086,Significantly Below Target
INV-052,Tier-2 City Expansion – South,Expansion,Finance,South,17-02-2026,09-11-2026,45240000,2000000,47240000,47560000,51332430.5,50393556.32,6392297.324,5981874.498,57724727.83,56375430.81,9135430.813,0.193383379,0.221945974,-0.028562596,0.837953685,-6828935.166,0.061980213,0.12232582,On Hold,Low,Watch,Review / Restructure,0.981709921,0.935794159,-320000,62.39767146,Below Target
INV-053,Automated Packaging Line – West,Equipment,Sales,West,28-12-2024,30-12-2026,26170000,3890000,30060000,29880000,27143638.55,31239025.25,6087482.693,4856777.954,33231121.24,36095803.21,6035803.209,0.200791857,0.105493055,0.095298801,1.67013079,-1932943.106,0.0642665,0.089355236,Active,High,Good,Review / Restructure,1.150878324,0.797830269,180000,70.97296788,Significantly Above Target
INV-054,RPA Finance Rollout – North,Automation,IT,North,22-06-2025,01-07-2026,29720000,1850000,31570000,29580000,37086992.24,36090085,2837652.626,2890359.084,39924644.87,38980444.08,7410444.079,0.234730569,0.264638735,-0.029908166,0.829863259,-2654027.722,0.074666997,0.10859084,Completed,Medium,Watch,Review / Restructure,0.97311976,1.018573964,1990000,60.37593507,Below Target
INV-055,Leadership Development – East,Training,Product,East,03-03-2025,17-03-2026,7480000,400000,7880000,8650000,8449310.583,7052409.359,635623.0516,697769.9522,9084933.635,7750179.312,-129820.6884,-0.016474707,0.15291036,-0.169385066,1.011693767,-2338855.345,-0.005511879,0.12337386,Cancelled,Low,Underperforming,Review / Restructure,0.834672757,1.097773201,-770000,50.36589851,Significantly Below Target
INV-056,Plant Utility Upgrade – Central,Infrastructure,Marketing,Central,31-08-2025,27-08-2026,51650000,7690000,59340000,58430000,60673591.69,54409821.95,5990569.572,4747240.335,66664161.26,59157062.28,-182937.7159,-0.003082874,0.123427052,-0.126509925,0.996640914,-16698536.31,-0.00102833,0.120076963,On Hold,High,Underperforming,Review / Restructure,0.896762833,0.79245225,910000,51.86905249,Significantly Below Target
INV-057,ERP Cloud Migration – South,Technology,HR,South,30-06-2025,18-12-2026,13130000,820000,13950000,13070000,16124362.52,15642963.42,836118.7734,832361.8918,16960481.29,16475325.31,2525325.31,0.181026904,0.215805111,-0.034778207,1.24340364,-1725846.056,0.058153869,0.108505178,Active,Medium,Watch,Review / Restructure,0.970144612,0.995506761,880000,59.70651561,Below Target
INV-058,Brand Repositioning – West,Marketing,Supply Chain,West,17-06-2025,30-11-2026,5200000,730000,5930000,5830000,6691160.294,6148051.978,770886.1586,655660.6789,7462046.452,6803712.657,873712.6566,0.147337716,0.25835522,-0.111017503,1.267974111,-971613.3491,0.047636086,0.115658826,Completed,Low,Watch,Review / Restructure,0.918831968,0.85052854,100000,53.84837893,Significantly Below Target
INV-059,Premium Product Line – North,Product Development,Operations,North,06-07-2025,16-10-2027,20700000,3380000,24080000,22700000,27407505.68,21239641.37,1770512.291,1668680.328,29178017.97,22908321.7,-1171678.302,-0.048657737,0.21171171,-0.260369446,2.237098575,-7197723.303,-0.016400018,0.111202144,Cancelled,High,Underperforming,Review / Restructure,0.774957109,0.942484464,1380000,41.30671067,Significantly Below Target
INV-060,Tier-2 City Expansion – East,Expansion,Finance,East,19-12-2025,09-11-2026,37370000,4080000,41450000,42120000,38702527.2,35532334.19,8908491.975,10226031.32,47611019.18,45758365.51,4308365.511,0.103941267,0.148637375,-0.044696108,0.905845293,-8359882.255,0.033894264,0.118774708,On Hold,Medium,Watch,Review / Restructure,0.918088217,1.147897012,-670000,60.7433474,Below Target
INV-061,Automated Packaging Line – Central,Equipment,Sales,Central,25-11-2025,07-09-2026,39190000,4600000,43790000,44050000,50541039.99,48682540.58,3139493.229,3475014.24,53680533.22,52157554.82,8367554.823,0.191083691,0.225862828,-0.034779137,0.839571566,-4511725.851,0.06126933,0.102641032,Active,Low,Watch,Review / Restructure,0.963227915,1.106871073,-260000,62.83981482,Below Target
INV-062,RPA Finance Rollout – South,Automation,IT,South,16-05-2025,09-06-2026,11510000,1960000,13470000,13220000,14919546.8,14103170.19,1684851.272,1619125.769,16604398.07,15722295.96,2252295.962,0.167208312,0.232694734,-0.065486422,0.913079023,-1118003.883,0.053855039,0.086212575,Completed,High,Watch,Review / Restructure,0.945281407,0.960990323,250000,58.92188491,Significantly Below Target
INV-063,Leadership Development – West,Training,Product,West,23-06-2024,11-01-2025,7400000,550000,7950000,8680000,7627904.794,6430466.164,1396071.115,1261477.525,9023975.909,7691943.689,-258056.3108,-0.032459913,0.135091309,-0.167551223,0.975460123,-2222886.164,-0.010899603,0.107123176,Cancelled,Medium,Underperforming,Review / Restructure,0.843018671,0.903591165,-730000,50.17719723,Significantly Below Target
INV-064,Plant Utility Upgrade – North,Infrastructure,Marketing,North,08-06-2025,20-01-2026,36710000,2450000,39160000,37890000,41571030.51,41354695.62,4440363.095,3393564.448,46011393.61,44748260.06,5588260.065,0.14270327,0.174958979,-0.032255708,0.875117825,-4880558.102,0.046179156,0.095958302,On Hold,Low,Watch,Review / Restructure,0.994796018,0.764253818,1270000,61.47291044,Below Target
INV-065,ERP Cloud Migration – East,Technology,HR,East,15-09-2024,07-08-2026,32990000,2310000,35300000,34870000,35172303.15,37365719.09,4870138.927,3963520.657,40042442.08,41329239.75,6029239.746,0.170799993,0.134346801,0.036453192,1.616971897,-4622885.169,0.054974402,0.108347861,Active,High,Watch,Review / Restructure,1.062362022,0.813841395,430000,65.4773288,Above Target
INV-066,Brand Repositioning – Central,Marketing,Supply Chain,Central,06-08-2025,13-05-2026,12350000,2210000,14560000,14390000,16863619.51,16334094.42,1026331.308,1121020.621,17889950.81,17455115.04,2895115.044,0.198840319,0.228705413,-0.029865094,0.834139446,-2280548.299,0.063664813,0.129976087,Completed,Medium,Watch,Review / Restructure,0.968599559,1.092259988,170000,61.34977905,Below Target
INV-067,Premium Product Line – South,Product Development,Operations,South,15-06-2024,11-07-2025,40100000,4630000,44730000,44500000,46408097.72,38959914.44,8977326.783,9199046.883,55385424.5,48158961.32,3428961.321,0.076659095,0.23821651,-0.161557415,0.994960133,-7742998.727,0.025137101,0.094960893,Cancelled,Low,Underperforming,Review / Restructure,0.839506818,1.024697786,230000,51.47037673,Significantly Below Target
INV-068,Tier-2 City Expansion – West,Expansion,Finance,West,12-05-2025,01-05-2027,39670000,830000,40500000,40250000,41939562.14,43814187.64,4330445.489,4294069.686,46270007.62,48108257.32,7608257.325,0.187858206,0.142469324,0.045388881,1.658331781,-4743257.01,0.060271307,0.107817402,On Hold,High,Watch,Review / Restructure,1.044698261,0.991599986,250000,67.34219416,Above Target
INV-069,Automated Packaging Line – North,Equipment,Sales,North,10-11-2024,23-12-2025,21780000,1490000,23270000,22830000,25756364.73,26814834.28,2258516.498,2216799.998,28014881.22,29031634.28,5761634.276,0.247599238,0.20390551,0.043693728,0.895967379,-501816.4488,0.078580058,0.086887171,Active,Medium,Good,Review / Restructure,1.041095456,0.981529247,440000,68.86702672,Above Target
INV-070,RPA Finance Rollout – East,Automation,IT,East,15-08-2025,11-06-2026,29760000,310000,30070000,32340000,32025065.57,29631888.01,6579534.068,5183527.194,38604599.64,34815415.2,4745415.205,0.157812278,0.283824398,-0.12601212,0.863697871,-5494783.674,0.050919904,0.128590807,Completed,Low,Watch,Review / Restructure,0.925271736,0.787825877,-2270000,52.78549532,Significantly Below Target
INV-071,Leadership Development – Central,Training,Product,Central,11-07-2024,10-11-2026,8520000,760000,9280000,9240000,10027093.78,8674585.268,531423.3518,468565.8583,10558517.13,9143151.127,-136848.8734,-0.014746646,0.137771243,-0.152517888,2.222442096,-2612443.944,-0.004931804,0.115403715,Cancelled,High,Underperforming,Review / Restructure,0.865114604,0.881718608,40000,48.96617973,Significantly Below Target
INV-072,Plant Utility Upgrade – South,Infrastructure,Marketing,South,25-10-2024,29-01-2027,16520000,2130000,18650000,19990000,16807138.97,15338971.08,3840551.379,3829774.209,20647690.35,19168745.28,518745.2847,0.027814761,0.107114764,-0.079300003,2.201771939,-3923643.32,0.009215234,0.094844985,On Hold,Medium,Watch,Review / Restructure,0.912646174,0.997193848,-1340000,57.50110902,Significantly Below Target
INV-073,ERP Cloud Migration – West,Technology,HR,West,27-01-2026,11-01-2027,23590000,2800000,26390000,28150000,27847301.45,25957698.84,5027539.957,5513712.088,32874841.41,31471410.92,5081410.924,0.192550622,0.245731012,-0.05318039,0.838538827,-2550035.403,0.061722855,0.100333541,Active,Low,Watch,Review / Restructure,0.932144139,1.096701793,-1760000,61.04702209,Significantly Below Target
INV-074,Brand Repositioning – North,Marketing,Supply Chain,North,02-04-2024,30-07-2026,14720000,1450000,16170000,16990000,17788413.13,15563950.43,1071445.231,875663.6117,18859858.36,16439614.05,269614.0466,0.01667372,0.166348692,-0.149674973,2.260979767,-4494846.36,0.00553752,0.126104522,Completed,High,Underperforming,Review / Restructure,0.874948784,0.81727333,-820000,48.51228497,Significantly Below Target
INV-075,Premium Product Line – East,Product Development,Operations,East,23-09-2024,25-02-2027,37740000,2470000,40210000,39320000,41738597.98,37210916.66,7066291.228,5591467.293,48804889.21,42802383.95,2592383.95,0.064471125,0.213750042,-0.149278917,2.27780489,-9804619.542,0.021194101,0.125999931,Cancelled,Medium,Underperforming,Review / Restructure,0.891522918,0.791287411,890000,48.23520265,Significantly Below Target
INV-076,Tier-2 City Expansion – Central,Expansion,Finance,Central,28-05-2025,02-07-2026,40080000,4140000,44220000,41570000,47911379.17,43588694.68,5130432.315,4052365.729,53041811.48,47641060.41,3421060.409,0.07736455,0.199498224,-0.122133674,1.017195536,-9569074.707,0.025364735,0.116454299,On Hold,Low,Underperforming,Review / Restructure,0.909777498,0.789868276,2650000,51.70936609,Significantly Below Target
INV-077,Automated Packaging Line – South,Equipment,Sales,South,09-06-2024,11-02-2026,35870000,5550000,41420000,42280000,38514715.36,34021592.26,7416191.41,7843789.282,45930906.77,41865381.54,445381.5372,0.010752814,0.108906489,-0.098153675,1.658874758,-9761802.119,0.003575762,0.101017693,Active,High,Watch,Review / Restructure,0.883340093,1.05765734,-860000,55.52483724,Significantly Below Target
INV-078,RPA Finance Rollout – West,Automation,IT,West,12-09-2024,31-07-2026,23540000,3670000,27210000,29320000,31431921.67,32014521.39,1835300.398,1465242.468,33267222.06,33479763.85,6269763.853,0.23042131,0.222610146,0.007811165,1.529713249,-1953559.577,0.073352956,0.101958482,Completed,Medium,Watch,Review / Restructure,1.018535288,0.798366561,-2110000,64.06189175,On Target
INV-079,Leadership Development – North,Training,Product,North,01-08-2025,30-08-2027,10900000,810000,11710000,12310000,12117147.12,9974889.094,1648464.915,1658236.357,13765612.03,11633125.45,-76874.54899,-0.006564863,0.175543299,-0.182108162,2.008131588,-3291124.471,-0.002191493,0.118468751,Cancelled,Low,Underperforming,Review / Restructure,0.823204422,1.005927601,-600000,48.09496231,Significantly Below Target
INV-080,Plant Utility Upgrade – East,Infrastructure,Marketing,East,12-07-2025,20-02-2026,49710000,2080000,51790000,54730000,48511620.27,50012310.68,7975628.416,7129374.057,56487248.68,57141684.74,5351684.736,0.103334326,0.090697986,0.01263634,0.906343596,-10255091.7,0.033700461,0.116706907,On Hold,High,Watch,Review / Restructure,1.030934659,0.893894962,-2940000,65.26758953,On Target
INV-081,ERP Cloud Migration – Central,Technology,HR,Central,11-07-2024,20-10-2025,20040000,820000,20860000,19190000,20892766.68,20848093.63,3583004.745,4055179.818,24475771.43,24903273.45,4043273.451,0.193829025,0.173335159,0.020493865,1.069426444,-2673321.016,0.062117906,0.114826025,Active,Medium,Watch,Review / Restructure,0.997861794,1.131781872,1670000,63.89779511,Above Target
INV-082,Brand Repositioning – South,Marketing,Supply Chain,South,19-07-2025,09-10-2026,16460000,1160000,17620000,16530000,19178873.9,18761422.85,3109341.551,2623187.645,22288215.45,21384610.5,3764610.499,0.213655533,0.264938448,-0.051282914,1.009065176,-1567650.756,0.068222547,0.10390741,Completed,Low,Watch,Review / Restructure,0.978233808,0.843647313,1090000,58.37824101,Significantly Below Target
INV-083,Premium Product Line – West,Product Development,Operations,West,21-10-2025,17-06-2026,39000000,2940000,41940000,45160000,46492731.98,41842185.51,2878777.548,2164834.943,49371509.53,44007020.45,2067020.451,0.04928518,0.177193837,-0.127908657,0.953029757,-6892032.289,0.016253707,0.081011511,Cancelled,High,Watch,Review / Restructure,0.899972614,0.751997995,-3220000,53.2297102,Significantly Below Target
INV-084,Tier-2 City Expansion – North,Expansion,Finance,North,06-01-2026,13-05-2027,37420000,80000,37500000,35540000,37970923.85,36666742.89,7491922.764,8028296.996,45462846.61,44695039.89,7195039.89,0.19186773,0.212342576,-0.020474846,1.13095201,-2135338.292,0.061511757,0.08349328,On Hold,Medium,Watch,Review / Restructure,0.965653168,1.071593668,1960000,62.35271074,Below Target
INV-085,Automated Packaging Line – East,Equipment,Sales,East,17-04-2024,22-06-2026,39330000,1850000,41180000,41570000,46046995.94,46250172.81,3229461.126,2606044.324,49276457.06,48856217.13,7676217.134,0.186406438,0.196611391,-0.010204952,1.838174379,-3725912.003,0.059821738,0.095670132,Active,Low,Watch,Review / Restructure,1.004412381,0.806959497,-390000,63.25273852,On Target
INV-086,RPA Finance Rollout – Central,Automation,IT,Central,19-10-2024,05-04-2027,25380000,4420000,29800000,28290000,35530987.76,35356540.66,1202380.17,940397.0782,36733367.93,36296937.74,6496937.739,0.218018045,0.232663353,-0.014645308,2.019899445,-1342777,0.069560269,0.087005847,Completed,High,Watch,Review / Restructure,0.995090283,0.782112931,1510000,59.98826051,On Target
INV-087,Leadership Development – South,Training,Product,South,05-09-2025,14-06-2026,7770000,680000,8450000,8350000,8835786.289,7618584.597,946308.0182,735083.697,9782094.308,8353668.294,-96331.70604,-0.011400202,0.157644297,-0.169044499,0.976878613,-2152853.812,-0.003809762,0.102250747,Cancelled,Medium,Underperforming,Review / Restructure,0.862241836,0.776791153,100000,49.23344539,Significantly Below Target
INV-088,Plant Utility Upgrade – West,Infrastructure,Marketing,West,10-09-2025,04-05-2027,50140000,3220000,53360000,53000000,52041538.07,58208497.29,8996546.563,9526957.459,61038084.63,67735454.75,14375454.75,0.269405074,0.143892141,0.125512933,1.29712365,-2867256.413,0.085173676,0.106655667,On Hold,Low,Good,Review / Restructure,1.11850071,1.058957167,360000,75.09027539,Significantly Above Target
INV-089,ERP Cloud Migration – North,Technology,HR,North,03-01-2025,27-07-2026,24790000,830000,25620000,25660000,25904430.78,25993986.41,4342959.672,3825557.594,30247390.45,29819544.01,4199544.007,0.163916628,0.180616333,-0.016699705,1.341714516,-3531685.308,0.052827908,0.109165995,Active,High,Watch,Review / Restructure,1.003457155,0.880864176,-40000,62.22507865,Below Target
INV-090,Brand Repositioning – East,Marketing,Supply Chain,East,01-06-2025,20-05-2026,20280000,850000,21130000,20230000,24580237.41,25277992.38,1573070.762,1523321.399,26153308.17,26801313.78,5671313.784,0.268401031,0.237733468,0.030667563,0.788394187,-981156.2789,0.084871081,0.103312114,Completed,Medium,Watch,Review / Restructure,1.028386828,0.968374364,900000,66.25313621,Above Target
INV-091,Premium Product Line – Central,Product Development,Operations,Central,17-04-2024,27-08-2025,17330000,10000,17340000,17490000,20918133.52,17798136.49,812648.534,873847.8169,21730782.06,18671984.3,1331984.304,0.076815704,0.253216958,-0.176401255,1.264509638,-2881508.799,0.02518764,0.091784575,Cancelled,Low,Underperforming,Review / Restructure,0.850847255,1.075308427,-150000,50.34270931,Significantly Below Target
INV-092,Tier-2 City Expansion – South,Expansion,Finance,South,16-05-2025,21-03-2026,57230000,70000,57300000,59000000,58475047.76,56139075.95,7425533.642,5772916.638,65900581.4,61911992.58,4611992.584,0.080488527,0.150097407,-0.06960888,0.925507282,-13333878.99,0.026371997,0.126130432,On Hold,High,Watch,Review / Restructure,0.960051819,0.777441315,-1700000,57.11693343,Significantly Below Target
INV-093,Automated Packaging Line – West,Equipment,Sales,West,29-01-2026,11-02-2028,29080000,180000,29260000,32170000,29050316.04,28169384.82,4489823.109,4076357.428,33540139.15,32245742.24,2985742.243,0.102041772,0.146279533,-0.044237762,1.847131833,-4933876.642,0.033287581,0.101948744,Active,Medium,Watch,Review / Restructure,0.969675675,0.907910474,-2910000,60.34795905,Below Target
INV-094,RPA Finance Rollout – North,Automation,IT,North,30-06-2025,05-02-2027,19910000,120000,20030000,19390000,24676857.41,27609617.88,1377206.633,1348899.737,26054064.04,28958517.61,8928517.615,0.445757245,0.300752074,0.145005171,1.108581494,2098947.083,0.136950259,0.09692025,Completed,Low,Good,Increase / Scale,1.118846595,0.979446152,640000,75.49503643,Significantly Above Target
INV-095,Leadership Development – East,Training,Product,East,20-04-2025,30-10-2025,3390000,500000,3890000,4200000,3500971.232,2879627.893,754543.5052,831509.0499,4255514.738,3711136.943,-178863.057,-0.04598022,0.093962657,-0.139942878,0.951100244,-955376.1873,-0.015487891,0.083725866,Cancelled,High,Watch,Review / Restructure,0.822522581,1.102002793,-310000,53.05616374,Significantly Below Target
INV-096,Plant Utility Upgrade – Central,Infrastructure,Marketing,Central,01-12-2024,03-03-2027,35920000,2750000,38670000,39510000,41193679.67,37936994.78,3775794.387,2848779.696,44969474.06,40785774.47,2115774.472,0.054713589,0.162903389,-0.1081898,2.135228766,-8862330.402,0.018023262,0.114528843,On Hold,Medium,Watch,Review / Restructure,0.920942122,0.754484859,-840000,53.02852567,Significantly Below Target
INV-097,ERP Cloud Migration – South,Technology,HR,South,28-07-2024,18-09-2026,29230000,4780000,34010000,34850000,37932390.02,38432833.15,5032632.713,5282734.712,42965022.73,43715567.86,9705567.86,0.285373945,0.263305579,0.022068366,1.666803472,-55764.38271,0.089973514,0.090606246,Active,Low,Watch,Review / Restructure,1.013193029,1.049696057,-840000,67.00411656,Above Target
INV-098,Brand Repositioning – West,Marketing,Supply Chain,West,01-10-2024,13-07-2026,12340000,1800000,14140000,13040000,13317172.96,12438730.32,3038623.043,3482204.668,16355796.01,15920934.99,1780934.992,0.125950141,0.156704102,-0.030753961,1.58161703,-1568589.088,0.040891581,0.084279731,Completed,High,Watch,Review / Restructure,0.934036853,1.14598113,1100000,59.36463151,Below Target
INV-099,Premium Product Line – North,Product Development,Operations,North,21-08-2024,12-11-2026,13580000,1620000,15200000,16690000,15739905.18,13554520.39,2744902.537,2532139.405,18484807.72,16086659.79,886659.7949,0.058332881,0.216105771,-0.15777289,2.104628232,-2723062.258,0.019200879,0.091153387,Cancelled,Medium,Underperforming,Review / Restructure,0.861156419,0.92248791,-1490000,50.1246306,Significantly Below Target
INV-100,Tier-2 City Expansion – East,Expansion,Finance,East,08-01-2026,14-07-2026,18660000,2250000,20910000,20170000,22461755.72,18347568.52,2770588.497,2199147.364,25232344.22,20546715.88,-363284.119,-0.017373702,0.206711823,-0.224085525,0.990525817,-5601107.525,-0.005813833,0.106848352,On Hold,Low,Underperforming,Review / Restructure,0.816835903,0.793747381,740000,45.21543354,Significantly Below Target
INV-101,Automated Packaging Line – Central,Equipment,Sales,Central,05-03-2025,30-05-2027,13290000,1450000,14740000,14670000,14302889.73,15999230.79,2239328.095,2215020.953,16542217.83,18214251.74,3474251.741,0.235702289,0.122267152,0.113435137,1.809186936,-520099.2272,0.07496305,0.088630771,Active,High,Good,Review / Restructure,1.118601282,0.989145341,70000,73.34729225,Significantly Above Target
INV-102,RPA Finance Rollout – South,Automation,IT,South,07-08-2024,26-10-2026,7390000,440000,7830000,7320000,8658388.067,8970824.729,1330389.828,1302631.567,9988777.894,10273456.3,2443456.296,0.312063384,0.275705989,0.036357395,1.691364998,233062.5334,0.097942998,0.086598852,Completed,Medium,Watch,Continue,1.036084853,0.979135242,510000,65.49084141,Above Target
INV-103,Leadership Development – West,Training,Product,West,24-01-2026,07-10-2026,2720000,290000,3010000,2900000,3103436.676,2647469.415,543423.2561,526106.2174,3646859.932,3173575.633,163575.6327,0.054344064,0.211581373,-0.157237309,0.937694704,-485234.4535,0.01790293,0.081421745,Cancelled,Low,Underperforming,Review / Restructure,0.853076667,0.968133424,110000,51.50345166,Significantly Below Target
INV-104,Plant Utility Upgrade – North,Infrastructure,Marketing,North,21-09-2025,18-02-2028,39900000,3030000,42930000,44890000,39131008.29,40274213.84,7318356.631,8169414.201,46449364.92,48443628.04,5513628.041,0.128432985,0.08197915,0.046453835,2.136554794,-4722561.33,0.041677297,0.084723332,On Hold,High,Good,Review / Restructure,1.029214825,1.116290803,-1960000,68.32283554,Above Target
INV-105,ERP Cloud Migration – East,Technology,HR,East,18-03-2025,21-05-2027,29850000,4780000,34630000,34410000,34300234.86,34506867.61,6103126.9,5510067.845,40403361.76,40016935.45,5386935.452,0.1555569,0.166715615,-0.011158715,1.882505713,-4468537.549,0.050213889,0.102303191,Active,Medium,Watch,Review / Restructure,1.006024237,0.902827016,220000,62.88421574,On Target
INV-106,Brand Repositioning – Central,Marketing,Supply Chain,Central,02-01-2025,05-11-2025,8150000,550000,8700000,8030000,10232004.5,9514614.884,449362.6432,411048.5428,10681367.15,9925663.426,1225663.426,0.140880854,0.22774335,-0.086862497,0.876515718,-1272267.848,0.045605562,0.105124163,Completed,Low,Watch,Review / Restructure,0.929887675,0.914736792,670000,55.26470475,Significantly Below Target
INV-107,Premium Product Line – South,Product Development,Operations,South,14-11-2025,30-08-2026,23810000,570000,24380000,24810000,25246049.54,22408467.33,3167348.853,2554067.728,28413398.39,24962535.06,582535.0598,0.023893973,0.165438818,-0.141544845,0.976663626,-5897740.288,0.007922975,0.109344467,Cancelled,High,Underperforming,Review / Restructure,0.887602922,0.806373989,-430000,51.32522721,Significantly Below Target
INV-108,Tier-2 City Expansion – West,Expansion,Finance,West,14-09-2025,14-01-2028,57030000,6420000,63450000,68720000,66209455.86,63408996.39,10088352.83,8198275.849,76297808.68,71607272.24,8157272.236,0.12856221,0.202487135,-0.073924924,2.068336645,-11169573.26,0.041718171,0.114932053,On Hold,Medium,Watch,Review / Restructure,0.957703028,0.812647614,-5270000,56.31101193,Significantly Below Target
INV-109,Automated Packaging Line – North,Equipment,Sales,North,21-07-2024,01-10-2026,30270000,820000,31090000,31180000,33951117.6,33600684.15,2319470.504,1793567.58,36270588.1,35394251.73,4304251.733,0.138444893,0.166631975,-0.028187082,1.930054135,-5086690.29,0.044838256,0.112433827,Active,Low,Watch,Review / Restructure,0.989678294,0.773265958,-90000,60.91593834,Below Target
INV-110,RPA Finance Rollout – East,Automation,IT,East,09-05-2025,13-09-2027,27100000,1840000,28940000,30160000,32713319.69,34450755.73,1960377.37,1822350.873,34673697.06,36273106.6,7333106.603,0.25339,0.198123603,0.055266398,1.87327584,-2139046.399,0.08033556,0.110168777,Completed,High,Watch,Review / Restructure,1.053110967,0.929591874,-1220000,67.25855835,Significantly Above Target
INV-111,Leadership Development – Central,Training,Product,Central,16-12-2025,11-11-2027,5470000,340000,5810000,5640000,6368721.091,4708765.68,498592.6181,514050.1777,6867313.709,5222815.858,-587184.1423,-0.101064396,0.181981706,-0.283046102,1.786980285,-1738056.703,-0.034494975,0.089151874,Cancelled,Medium,Underperforming,Review / Restructure,0.739358124,1.031002384,170000,43.59411032,Significantly Below Target
INV-112,Plant Utility Upgrade – South,Infrastructure,Marketing,South,29-06-2024,03-11-2026,49040000,7830000,56870000,54100000,54416300.84,46166162.62,12350317.41,13760355.37,66766618.25,59926517.98,3056517.984,0.0537457,0.174021773,-0.120276073,2.228189595,-10749865.21,0.017708041,0.094156953,On Hold,Low,Watch,Review / Restructure,0.848388477,1.11417018,2770000,52.2326808,Significantly Below Target
INV-113,ERP Cloud Migration – West,Technology,HR,West,21-10-2025,20-01-2027,8390000,190000,8580000,8680000,8576039.245,9591850.573,1535798.214,1183693.299,10111837.46,10775543.87,2195543.872,0.255890894,0.178535834,0.07735506,0.994764015,-463196.4507,0.081092707,0.102540889,Active,High,Good,Review / Restructure,1.118447607,0.77073491,-100000,69.48251568,Significantly Above Target
INV-114,Brand Repositioning – North,Marketing,Supply Chain,North,20-02-2026,24-04-2028,10230000,580000,10810000,11310000,12491465.34,13079839.38,459055.1369,363456.7895,12950520.47,13443296.17,2633296.171,0.243598166,0.198012995,0.045585171,1.74923261,-770269.0092,0.077365186,0.105924478,Completed,Medium,Watch,Review / Restructure,1.047102084,0.791749749,-500000,66.61851883,Above Target
INV-115,Premium Product Line – East,Product Development,Operations,East,08-09-2024,25-04-2026,28260000,4900000,33160000,31040000,36824789.6,33063406.25,5043046.102,5148182.939,41867835.71,38211589.19,5051589.186,0.152339843,0.262600594,-0.110260752,1.412254614,-6115041.852,0.049205834,0.127494231,Cancelled,Low,Watch,Review / Restructure,0.897857302,1.020847883,2120000,52.38522977,Significantly Below Target
INV-116,Tier-2 City Expansion – Central,Expansion,Finance,Central,27-11-2024,18-10-2026,37240000,1140000,38380000,36910000,37308004.27,35990550.36,7539733.252,7315536.766,44847737.52,43306087.13,4926087.128,0.128350368,0.168518435,-0.040168067,1.675375852,-5698359.77,0.041651164,0.101809199,On Hold,High,Watch,Review / Restructure,0.964687098,0.970264666,1470000,59.28542595,Below Target
INV-117,Automated Packaging Line – South,Equipment,Sales,South,21-07-2025,23-07-2026,21870000,2780000,24650000,23640000,28457324.75,28304513.23,1161091.381,1287167.085,29618416.13,29591680.31,4941680.311,0.200473846,0.201558464,-0.001084617,0.837568811,-2656267.798,0.06416848,0.107825632,Active,Medium,Watch,Review / Restructure,0.994630152,1.108583791,1010000,63.93990168,On Target
INV-118,RPA Finance Rollout – West,Automation,IT,West,16-08-2025,30-05-2027,21200000,2920000,24120000,25910000,26794107.73,25588935.08,3259843.827,3554850.504,30053951.56,29143785.59,5023785.587,0.208282985,0.246017892,-0.037734908,1.478379976,-1485966.023,0.066572397,0.090643406,Completed,Low,Watch,Review / Restructure,0.955020982,1.090497181,-1790000,62.15681766,Below Target
INV-119,Leadership Development – North,Training,Product,North,25-04-2024,28-08-2025,5880000,330000,6210000,6640000,6424688.419,5232410.052,423239.3557,480844.2481,6847927.775,5713254.301,-496745.6995,-0.079991256,0.10272589,-0.182717146,1.286828918,-1711069.7,-0.02716225,0.085327,Cancelled,High,Underperforming,Review / Restructure,0.814422383,1.136104764,-430000,49.11282879,Significantly Below Target
INV-120,Plant Utility Upgrade – East,Infrastructure,Marketing,East,07-07-2025,12-09-2026,28750000,5090000,33840000,34070000,32840843.64,31079359.73,5059704.246,4901015.897,37900547.88,35980375.63,2140375.626,0.063249871,0.11999255,-0.056742679,1.11315475,-5430249.491,0.020797931,0.084291803,On Hold,Medium,Watch,Review / Restructure,0.946363013,0.968636833,-230000,61.14485882,Significantly Below Target
INV-121,ERP Cloud Migration – Central,Technology,HR,Central,12-04-2025,23-01-2026,28300000,130000,28430000,30210000,30298356.37,27851574.49,4694909.439,4726269.891,34993265.81,32577844.38,4147844.376,0.145896742,0.230857046,-0.084960304,0.87267898,-4622014.086,0.047183353,0.114546354,Active,Low,Watch,Review / Restructure,0.919243742,1.006679671,-1780000,57.9253494,Significantly Below Target
INV-122,Brand Repositioning – South,Marketing,Supply Chain,South,26-08-2024,22-05-2026,12650000,770000,13420000,14060000,13427398.22,13776703.81,2839166.855,2626282.836,16266565.08,16402986.65,2982986.649,0.222279184,0.212113642,0.010165542,1.42110438,-1142510.825,0.070865015,0.10504246,Completed,High,Watch,Review / Restructure,1.026014391,0.925018842,-640000,64.45775084,On Target
INV-123,Premium Product Line – West,Product Development,Operations,West,05-01-2025,10-05-2027,37670000,2240000,39910000,41420000,46595697.59,39805302.41,2440506.711,1859990.417,49036204.3,41665292.82,1755292.823,0.043981278,0.228669614,-0.184688336,2.24378138,-7478394.917,0.014520879,0.089775215,Cancelled,Medium,Underperforming,Review / Restructure,0.85426991,0.762132884,-1510000,46.8187576,Significantly Below Target
INV-124,Tier-2 City Expansion – North,Expansion,Finance,North,14-05-2024,19-06-2025,47050000,7630000,54680000,53430000,54915440.3,47392510.57,11724906.49,12387820.69,66640346.79,59780331.26,5100331.261,0.093275992,0.218733482,-0.12545749,1.00489734,-8970857.743,0.030482052,0.096686767,On Hold,Low,Watch,Review / Restructure,0.863008842,1.056538976,1250000,54.01232713,Significantly Below Target
INV-125,Automated Packaging Line – East,Equipment,Sales,East,01-05-2024,25-11-2024,18370000,1890000,20260000,21790000,19265472.39,20050051.01,4077586.955,4148066.006,23343059.35,24198117.02,3938117.019,0.194378925,0.152174696,0.042204229,0.837255229,-1434199.933,0.062287782,0.089972305,Active,High,Good,Review / Restructure,1.040724598,1.0172845,-1530000,69.01536447,Above Target
INV-126,RPA Finance Rollout – Central,Automation,IT,Central,21-09-2024,20-05-2026,23610000,1410000,25020000,26150000,28499018.75,26061236.62,2336428.415,1762559.937,30835447.17,27823796.56,2803796.56,0.112062213,0.232431941,-0.120369728,1.492968607,-5110964.511,0.036483018,0.123050598,Completed,Medium,Watch,Review / Restructure,0.91446084,0.75438217,-1130000,52.1203519,Significantly Below Target
INV-127,Leadership Development – South,Training,Product,South,13-04-2025,21-08-2027,9310000,950000,10260000,10470000,10909860.53,9223818.579,884005.8043,864107.002,11793866.33,10087925.58,-172074.4195,-0.016771386,0.149499643,-0.166271028,2.252699839,-2491810.428,-0.005611514,0.093936889,Cancelled,Low,Underperforming,Review / Restructure,0.845457057,0.97749019,-210000,50.102681,Significantly Below Target
INV-128,Plant Utility Upgrade – West,Infrastructure,Marketing,West,22-06-2025,09-02-2026,37370000,3790000,41160000,41540000,41940134.3,39583968.77,3290130.896,3682300.002,45230265.19,43266268.78,2106268.775,0.051172711,0.098888853,-0.047716142,0.951318456,-10270281.11,0.016869456,0.123956372,On Hold,High,Watch,Review / Restructure,0.943820744,1.119195594,-380000,60.25397867,Below Target
INV-129,ERP Cloud Migration – North,Technology,HR,North,04-09-2025,28-01-2028,11320000,930000,12250000,12980000,13387229.74,14302406.59,1224759.093,925270.4745,14611988.84,15227677.06,2977677.062,0.243075679,0.192815415,0.050260263,1.930695002,-1370245.018,0.077206423,0.123656329,Active,Medium,Watch,Review / Restructure,1.068361929,0.755471407,-730000,65.84544488,Significantly Above Target
INV-130,Brand Repositioning – East,Marketing,Supply Chain,East,04-12-2024,03-04-2026,14310000,2410000,16720000,15910000,17689070.3,19325806.09,2824941.862,2188750.109,20514012.16,21514556.2,4794556.197,0.286755753,0.226914603,0.059841151,1.032649063,-492921.2479,0.090387727,0.102032442,Completed,Low,Watch,Review / Restructure,1.092528085,0.774794745,810000,67.4566291,Significantly Above Target
INV-131,Premium Product Line – Central,Product Development,Operations,Central,02-07-2025,10-03-2027,31420000,1480000,32900000,31770000,36311508.99,30459400.34,3391805.342,2895969.792,39703314.34,33355370.13,455370.1305,0.013841037,0.20678767,-0.192946632,1.664631013,-7425325.983,0.004599607,0.097136967,Cancelled,High,Underperforming,Review / Restructure,0.838835983,0.853813677,1130000,45.39068141,Significantly Below Target
INV-132,Tier-2 City Expansion – South,Expansion,Finance,South,04-11-2025,07-09-2026,26540000,1310000,27850000,28950000,27325599.46,28476868.25,5177331.185,3972273.524,32502930.65,32449141.78,4599141.778,0.165139741,0.167071118,-0.001931378,0.85826615,-4940579.325,0.053209707,0.128510654,On Hold,Medium,Watch,Review / Restructure,1.042131511,0.767243466,-1100000,63.19986445,On Target
INV-133,Automated Packaging Line – West,Equipment,Sales,West,15-11-2025,06-07-2026,18250000,30000,18280000,17780000,18928682.01,18604475.74,3048103.726,3029838.206,21976785.73,21634313.94,3354313.944,0.183496386,0.202231167,-0.018734781,0.844953995,-3017940.471,0.058919896,0.128831694,Active,Low,Watch,Review / Restructure,0.982872222,0.994007579,500000,62.52939174,Below Target
INV-134,RPA Finance Rollout – North,Automation,IT,North,15-05-2025,19-09-2026,12240000,290000,12530000,11670000,13619399.18,13008593.02,1758971.494,1782868.204,15378370.67,14791461.23,2261461.228,0.180483737,0.227324076,-0.046840339,1.141858344,-1569009.373,0.057985291,0.109004076,Completed,High,Watch,Review / Restructure,0.955151755,1.013585615,860000,57.87846433,Below Target
INV-135,Leadership Development – East,Training,Product,East,01-10-2025,01-10-2027,2970000,330000,3300000,3190000,3323038.021,2664504.425,436017.4899,491606.3755,3759055.511,3156110.801,-143889.1994,-0.043602788,0.139107731,-0.182710518,1.783783784,-948571.0205,-0.014678962,0.106868149,Cancelled,Medium,Underperforming,Review / Restructure,0.801827848,1.12749233,110000,47.07156793,Significantly Below Target
INV-136,Plant Utility Upgrade – Central,Infrastructure,Marketing,Central,01-07-2024,05-12-2025,38760000,1820000,40580000,40710000,40670553.62,36647451.11,6024712.997,6530329.833,46695266.61,43177780.94,2597780.944,0.064016287,0.150696565,-0.086680278,1.344093134,-8421611.513,0.021046576,0.107000856,On Hold,Low,Watch,Review / Restructure,0.901080705,1.083923804,-130000,57.69653216,Significantly Below Target
INV-137,ERP Cloud Migration – South,Technology,HR,South,11-08-2024,02-11-2025,10210000,1290000,11500000,10880000,12692581.47,14407899.03,649393.5839,499305.1482,13341975.05,14907204.17,3407204.174,0.296278624,0.160171743,0.13610688,0.946862224,-973114.565,0.09323752,0.128423277,Active,High,Good,Review / Restructure,1.135143317,0.768879091,620000,71.32299959,Significantly Above Target
INV-138,Brand Repositioning – West,Marketing,Supply Chain,West,14-03-2025,18-01-2027,13420000,2150000,15570000,15050000,15605296,15521027.05,3045756.294,2510039.712,18651052.29,18031066.77,2461066.765,0.158064661,0.197883898,-0.039819237,1.596901392,-2194678.981,0.050998873,0.108598352,Completed,Medium,Watch,Review / Restructure,0.994599978,0.82411049,520000,59.2338813,Below Target
INV-139,Premium Product Line – North,Product Development,Operations,North,24-07-2025,16-01-2027,15430000,1210000,16640000,17140000,18435164.2,15366483.73,2330059.715,2408603.787,20765223.91,17775087.52,1135087.52,0.068214394,0.247910091,-0.179695697,1.387541479,-3728079.846,0.022407176,0.11696695,Cancelled,Low,Underperforming,Review / Restructure,0.833542005,1.033709038,-500000,48.83283359,Significantly Below Target
INV-140,Tier-2 City Expansion – East,Expansion,Finance,East,22-08-2024,27-07-2025,58670000,6440000,65110000,63100000,71484899.8,64316408.3,3278770.365,3650757.203,74763670.16,67967165.5,2857165.5,0.04388213,0.148267089,-0.104384959,0.957962562,-13057000.21,0.01448845,0.096057719,On Hold,High,Watch,Review / Restructure,0.899720199,1.113453154,2010000,55.12858935,Significantly Below Target
INV-141,Automated Packaging Line – Central,Equipment,Sales,Central,26-05-2024,02-10-2025,17330000,0,17330000,18200000,17577485.77,16045708.09,2108751.077,2043885.143,19686236.85,18089593.23,759593.2295,0.043831115,0.135962888,-0.092131772,1.296593517,-3000436.128,0.014471764,0.083059483,Active,Medium,Watch,Review / Restructure,0.912855701,0.969239644,-870000,57.74984938,Significantly Below Target
INV-142,RPA Finance Rollout – South,Automation,IT,South,08-07-2025,03-03-2026,20830000,1230000,22060000,21070000,26400389.36,23748595.57,1303851.763,1413806.783,27704241.13,25162402.36,3102402.356,0.14063474,0.255858619,-0.115223879,0.876704843,-2858960.523,0.045528069,0.097469277,Completed,Low,Watch,Review / Restructure,0.899554747,1.084330921,990000,54.48399852,Significantly Below Target
INV-143,Leadership Development – West,Training,Product,West,16-11-2025,11-03-2028,10650000,50000,10700000,10960000,11196006.22,10084852.49,907588.4216,711175.8881,12103594.64,10796028.38,96028.37751,0.008974615,0.131177069,-0.122202455,2.221562324,-2295178.303,0.002985605,0.089712692,Cancelled,High,Watch,Review / Restructure,0.900754456,0.783588542,-260000,52.20135776,Significantly Below Target
INV-144,Plant Utility Upgrade – North,Infrastructure,Marketing,North,18-04-2024,12-12-2024,32980000,3820000,36800000,39220000,34696126.01,29268319.21,8036593.065,7681609.601,42732719.08,36949928.81,149928.8119,0.004074152,0.161215192,-0.15714104,0.994594595,-10590026.88,0.001356824,0.126590678,On Hold,Medium,Underperforming,Review / Restructure,0.84356159,0.95582911,-2420000,50.52536264,Significantly Below Target
INV-145,ERP Cloud Migration – East,Technology,HR,East,09-03-2025,27-04-2026,9260000,680000,9940000,9490000,10292902.4,10012274.06,1728054.69,1568044.935,12020957.09,11580318.99,1640318.994,0.165022032,0.20935182,-0.044329788,0.973583799,-1375907.272,0.053172971,0.109806909,Active,Low,Watch,Review / Restructure,0.972735743,0.907404693,450000,59.87985662,Below Target
INV-146,Brand Repositioning – Central,Marketing,Supply Chain,Central,02-03-2025,21-11-2025,17690000,2850000,20540000,21860000,19389303.24,18081585.11,4441680.324,4999990.65,23830983.57,23081575.76,2541575.764,0.123737866,0.160223153,-0.036485287,0.889887251,-4164235.041,0.040190872,0.126512597,Completed,High,Watch,Review / Restructure,0.932554661,1.125697998,-1320000,60.62594786,Below Target
INV-147,Premium Product Line – South,Product Development,Operations,South,05-05-2025,13-11-2026,23150000,1880000,25030000,26340000,26953968.13,21692196.44,3379941.896,3659394.883,30333910.02,25351591.32,321591.3198,0.012848235,0.211902118,-0.199053883,1.506669355,-6647729.839,0.004270612,0.117693765,Cancelled,Medium,Underperforming,Review / Restructure,0.804786751,1.08267982,-1310000,46.5147948,Significantly Below Target
INV-148,Tier-2 City Expansion – West,Expansion,Finance,West,20-10-2024,14-02-2026,22650000,150000,22800000,24600000,24168635.62,22763628.07,3584025.551,4097957.619,27752661.17,26861585.69,4061585.691,0.178139723,0.217221981,-0.039082258,1.120875495,-3479406.544,0.05725743,0.120948266,On Hold,Low,Watch,Review / Restructure,0.941866493,1.143395202,-1800000,61.24188035,Below Target
INV-149,Automated Packaging Line – North,Equipment,Sales,North,15-01-2026,08-03-2028,33670000,3020000,36690000,39880000,35483489.36,38152523.22,5255388.06,4238232.23,40738877.42,42390755.45,5700755.447,0.155376273,0.110353705,0.045022568,1.856715886,-3130927.9,0.050157321,0.083292492,Active,High,Watch,Review / Restructure,1.075219036,0.806454667,-3190000,67.32558434,Above Target
INV-150,RPA Finance Rollout – East,Automation,IT,East,11-11-2024,20-09-2026,15750000,2010000,17760000,16410000,19201242.62,17381460.34,3532063.149,3771824.575,22733305.77,21153284.91,3393284.915,0.19106334,0.280028478,-0.088965138,1.559559584,-1946395.471,0.061263036,0.105527329,Completed,Medium,Watch,Review / Restructure,0.905225807,1.06788141,1350000,53.75078324,Significantly Below Target
